Hanzi,Pinyin,Nghĩa tiếng Việt
不听,bu4ting1,ko nghe
口,kou3,cái miệng
我,wo3,tôi
你,ni3,bạn
学,xue2,học
写,xie3,viết
算,suan4,"tính , tính toán"
不算,bu2suan4,ko tính
算了吧,suan4leba,"thôi bỏ đi , thôi dẹp đi"
酸,suan1,chua
舌,she2,bộ thiệt (lưỡi )
舌头,she2tou2,"cái lưỡi , đầu lưỡi"
甜,tian2,ngọt
苦,ku3,khổ / đắng
吃,chi1,ăn
能,neng2,có thể
我能吃苦,wo3neng2chi1ku3,tôi có thể chịu khổ
辣,la4,cay
汤,tang1,"canh , súp"
酸辣汤,suan1la4tang1,"canh chua cay , canh chua"
不干不净,bu4gan1bu2jing4,ko sạch ko sẽ
干净,gan1jing4,"sạch , sạch sẽ"
不喜不悲,bu4xi3bu4bei1,ko vui ko buồn
喜,xi3,"hỉ , vui"
悲,bei1,"bi , buồn"
心,xin1,"tâm, tim , lòng"
不闻不问,bu4wen2bu2wen4,ko nghe ko hỏi
闻,wen2,nghe ( ngóng )
门,men2,cửa
耳,er3,cái tai
新闻,xin1wen2,"tin tức, báo chí"
问,wen4,( vấn ) hỏi
不见不散,bu2jian4bu2san4,ko gặp ko về
见,jian4,"bộ kiến , gặp"
散,san4,tản
好,hao3,"tốt , khỏe , dc"
女,nv3,nữ
子,,bộ tử /zi3/ con trai
早生贵子,zao3sheng1gui4zi3,sớm sinh quý tử
老板,lao3ban3,ông chủ
叔叔,shu4shu,chú
姑姑,gu1gu1,cô
阿姨,a1yi2,dì
人,ren2,"bộ nhân , người"
女人,nv3ren2,"đàn bà , phụ nữ , con gái , nữ giới"
好人,hao3ren2,người tốt
老师,lao3shi1,giáo viên
老,lao3,( lão ) già
老人,lao3ren2,người già
了,le,"rồi , nữa"
年轻,nian2qing1,trẻ
年轻人,nian2qing1ren2,người trẻ
是,shi4,"là , phải"
不是,bu2shi4,"ko là , ko phải là"
师,shi1,帅shuai4 : đẹp trai
谢谢,xie4xie,cảm ơn
讠,,bộ ngôn
身体,shen1ti3,"thân thể , sức khỏe"
身,shen1,thân
寸,cun4,thốn
客气,,ke4qi :
客户,ke4hu4,"khách , khách hàng"
气,qi,khí
空气,kong1qi,ko khí
对不起,dui4bu4qi,xin lỗi
对,dui4,đúng / đối với
错,cuo4,sai
很,hen3,rất
为什么,wei4shen2me,"tại sao , vì sao"
没关系,mei2guan1xi,"ko sao , ko việc gì đâu"
有,you3,( hữu) có
没有,mei2you3,ko có
关系,guan1xi,"quan hệ , mối quan hệ"
再见,zai4jian4,tạm biệt
再,zai4,"( tái ) again , lại"
再来,zai4lai2,lặp lại
再说一遍,zai4shuo1yi2(4)bian4,nói lại 1 lần
遍,bian4,lần
请,qing3,"mời , xin mời , vui lòng"
进步,jin4bu4,tiến bộ
散步,san4bu4,tản bộ
土,tu3,bộ thổ /tu3/ : đất
你很土,ni3hen3tu3,bạn rất phèn
发音,fa1yin1,phát âm
发,fa1,phát
发钱,fa1qian2,phát tiền
发展,fa1zhan3,phát triển
还没,hai2mei2,"chưa , vẫn chưa"
欢迎,huan1ying2,hoan nghênh
钢笔,,gang1bi3 :
钢,gang1,"sắt ,thép"
笔,bi3,bút
毛,mao2,lông
铅笔,qian1bi3,bút chì
铅,qian1,chì (Pb )
圆珠笔,yuan2zhu1bi3,bút bi
珍珠,zhen1zhu1,trân châu
高兴,gao1xing4,"vui , cao hứng"
高,gao1,cao
矮,ai3,lùn
矮人,ai3ren2,người lùn
兴,xing4,"hưng , hứng"
开,kai1,"khai , mở"
开心,kai1xin1,vui
开门,kai1men2,mở cửa
关,guan1,"đóng , tắt"
关门,guan1men2,đóng cửa
灯,deng1,( đăng ) đèn
火,huo3,lửa
开灯,kai1deng1,mở đèn
关灯,guan1deng1,tắt đèn
难过,nan2guo4,buồn
难,nan2,khó
过,guo4,"qua , quá"
过分,guo4fen1,quá đáng
兴趣,xing4qu4,hứng thú
工作,gong1zuo4,công việc
但是,,dan4shi4
但,,dan4
可是,,ke3shi4
可,,ke3 :
不过,,bu2guo4 :
妈妈,ma1ma,mẹ
马,ma3,con ngựa
飞机,fei1ji1,máy bay
飞,fei1,phi ( bay )
机,ji1,( cơ ) máy
手,shou3,(thủ) tay
手机,shou3ji1,đth d động
耳朵,er3duo1,lỗ tai
耳机,er3ji1,tai nghe
帮忙,bang1mang2,giúp đỡ
帮,bang1,giúp
忙,mang2,bận
黑板,hei1ban3,"bảng đen , bảng"
黑,hei1,（ hắc ) đen
黑马,hei1ma3,hắc mã ( ngựa đen )
白,bai2,bạch ( trắng )
白马,bai2ma3,bạch mã
板,ban3,"mảnh , miếng"
木,mu4,cây
林,lin2,"lâm , rừng"
森,sen1,rừng rậm
森林,sen1lin2,rừng rậm
爱人,ai4ren2,vợ / chồng
朋友,peng2you ( bằng hữu ),"bạn , bạn bè"
男朋友,nan2peng2you,bạn trai
女朋友,nv3peng2you,bạn gái
爱,ai4,( ái ) yêu
好感,hao3gan3,"( hảo cảm ) , thiện cảm"
喜欢,xi3huan1,thích
讨厌,tao3yan4,ghét
疼,teng2,thương
痛,tong4,đau
累,lei4,mệt
饿,e4,đói 声调: sheng1diao4 :
声,sheng1,thanh
第一声,di4yi4sheng1,thanh 1 ( thanh thứ nhất )
第二声,di4er4sheng1,thanh 2
第三声,di4san1sheng1,thanh 3
第四声,di4si4sheng1,thanh4
第几声,di4ji3sheng1,thanh mấy ?
几,ji3,mấy
调,diao4,điệu
音调,yin1diao4,âm điệu
声音,sheng1yin1,"thanh âm , âm thanh , tiếng"
声调,sheng1diao4,thanh điệu
调虎离山,diao4hu3li2shan1,điệu hổ li sơn
老虎,lao3hu3,hổ
离开,li2kai1,li khai ( rời bỏ )
山,shan1,sơn ( núi )
商量,shang1liang (2),thương lượng
商人,shang1ren2,thương nhân
我们,wo3men,chúng tôi
恨,hen4,hận
做,zuo4,làm
做好了,zuo4hao3le,làm xong rồi
写好了,xie3hao3le,viết xong rồi
票,piao4,vé
买,mai3,mua
票买好了,piao4mai3hao3 le,"mua vé xong rồi , vé mua xong rồi , mua vé được rồi"
爱好,ai4hao4,sở thích
好色,hao4se4,"háo sắc , dê"
你呢,ni3ne,còn bạn thì sao ( and you ? )
爸爸,ba4ba,"cha , ba , bố"
父,fu4,cha
父亲,fu4qin1,"phụ thân , cha , ba"
亲人,qin1ren2,Người thân
亲,(v),"kiss , hôn"
老爸,lao3ba4,"ba , cha , bố"
母亲,mu3qin1,"Mẫu thân , mẹ , má"
老妈,lao3ma1,"mẹ , má"
母老虎,mu3lao3hu3,"cọp cái , cọp mẹ / chỉ người phụ nữ dữ"
爷爷,ye2ye,ông nội ( gia gia )
奶奶,nai3nai,bà nội
奶,nai3,sữa
酸奶,suan1nai3,sữa chua
喝,he1,uống
外公,wai4gong1,( ngoại công ) ông ngoại
外婆,wai4po2,( ngoại bà ) Bà ngoại
外人,wai4ren2,người ngoài
外边,wai4bian,bên ngoài
老公,lao3gong1,chồng
老婆,lao3po2,vợ
丈夫,zhang4fu,chồng
妻子,qi1zi,thê tử
黑婆山,hei1po2shan1,Núi Bà Đen
西宁,xi1ning2,Tây Ninh
省,sheng3,tỉnh
西宁省,xi1ning2sheng3,Tỉnh Tây Ninh
去,qu4,đi
伯父,bo2fu4,( bá phụ ) bác trai
伯母,bo2mu3,( bá mẫu ) bác gái
姑母,gu1mu3,cô ruột ( cô mẫu )
婶婶,shen3shen,Thím
舅舅,jiu4jiu,cậu
舅妈,jiu4ma1,mợ
姐夫,jie3fu1,anh rể
嫂子,sao3zi,chị dâu
哥哥,ge1ge,anh trai
姐姐,jie3jie,chị gái
弟弟,di4di,em trai
妹妹,mei4mei,em gái
表,,biao3 + (哥/姐/弟/妹）:họ ngoại
堂,,tang2 +  (哥/姐/弟/妹）: họ nội
的,de,của
这,zhe4,"đây , này"
那,na4,"đó , kia"
这是,zhe4shi4,đây là
那是,na4shi4,đó là
谁,shui2/shei2,ai
他,ta1,he
她,ta1,she
它,ta1,it
饱,bao3,no
渴,ke3,khát
渴望,ke3wang4,khát vọng
希望,xi1wang4,hy vọng
失望,shi1wang4,thất vọng
什么,shen2me,"gì , cái gì"
打嗝,da3ge2,nấc cục
打,da3,( đả ) : đánh
打哈欠,da3ha1qian,ngáp
打呼噜,da3hu1lu(2),ngáy
打喷嚏,da3pen4ti,hắt xì
喷,pen4,xịt
嚏,ti1,nước mũi
别,bie2,đừng +V
明天,ming2tian1,ngày mai
明,ming2,Minh
聪明,cong1ming2,thông minh
日,ri4,"nhật , mặt trời ,ngày"
日本,ri4ben3,Nhật Bản
日本人,ri4ben3ren2,người Nhật Bản
月,yue4,"bộ Nguyệt ,nguyệt  ,mặt  trăng, tháng"
明白,ming2bai2,Minh bạch (hiểu)
懂,dong3,hiểu
天,tian1,ông trời ( thiên) / ngày
一,yi4,(nhất) số1
大,da4,"( đại ) to,lớn"
天啊,tian1  a1,trời ơi
老天,lao3tian1,ông  trời
老天爷,lao3tian1ye2,ông trời
老天啊老天,lao3tian1 a1lao3tian1,ông trời ơi ông trời
大哥,da4ge1,đại ca ( anh xã hội)/ anh cả
大姐,da4jie3,đại tỷ ( chị xã hội) /chị cả
大声,da4sheng1,lớn tiếng
小声,xiao3sheng1,nhỏ tiếng
小声一点儿,,xiao3sheng1 yi4dian3r
今天,jin1tian1,hôm nay
银行,yin2hang2,ngân hàng
银,yin2,(ngân ) bạc
银子,yin2zi,"bạc , ngân lượng"
卡,ka3,"thẻ,card"
银行卡,yin2hang2ka3,thẻ ngân hàng
账号,zhang4hao4,tài khoản
账户,zhang4hu4,tài khoản
转,zhuan3,chuyển
车,che1,xe
转钱,zhuan3qian2,chuyển tiền
转账,zhuan3zhang4,chuyển khoản
打钱,da3qian2,chuyển tiền
给,gei3,cho
啤酒,pi2jiu3,bia
酒,jiu3,( tửu ) rượu
酒量,jiu3liang4,tửu lượng
红酒,hong2jiu3,rượu vang
白酒,bai2jiu3,rượu trắng
米酒,mi3jiu3,rươu gạo
洋酒,yang2jiu3,rượu tây
得到,de2dao4,"đạt được ,chiếm dc"
得,de2,Đắc
得人心,de2ren2xin1,Đắc Nhân Tâm
头发,tou2fa,tóc
头,tou2,đầu
白头发,bai2tou2fa,tóc bạc (白发: bai2fa :tóc bạc)
头痛,tou2tong4,đau đầu
头疼,tou2teng2,đau đầu
现在,xian4zai4,"hiện tại ,bây giờ ,lúc này"
现金,xian4jin1,"hiện kim , tiền mặt"
付现金,fu4xian4jin1,trả tiền mặt
刷卡,shua1ka3,quẹt thẻ
刷,shua1,"cà ,chà,...."
还是,hai2shi4,hay là
坐,zuo4,ngồi
过去,guo4qu4,quá khứ
已经,yi3jing1,"đã ,đã từng"
未来,wei4lai2,tương lai
将来,jiang1lai2,tương lai
会,hui4,sẽ
知道,zhi1dao4,biết ( thông tin)
十,shi2,10
百,bai3,Bách (trăm)
千,qian1,"Ngàn , nghìn ( thiên)"
万,wan4,vạn (chục ngàn)
好吃,hao3chi1,ngon ( đồ ăn)
好喝,hao3he1,ngon ( đồ uống)
可以,ke3yi3,"có thể ,được"
包饺子,bao1jiao3zi,gói sủi cảo
米饭,mi3fan4,"cơm,  cơm trắng"
白饭,bai2fan4,cơm trắng
吃白饭,chi1bai2fan4,ăn ko ngồi  rồi
稀饭,xi1fan4,cháo
白稀饭,bai2xi1fan4,Cháo trắng
粥,zhou1,cháo
白粥,bai2zhou1,cháo trắng
糯米,nuo4mi3,Nếp
糯米饭,nuo4mi3fan4,xôi
面条,mian4tiao2,mì sợi
面,mian4,mì
条,tiao2,sợi
方便,fang1bian4,"tiện,tiện lợi"
方便面,fang1bian4mian4,"mì ăn liền,mì gói"
扌,,bộ thủ ( tay)
抱,bao4,ôm (v)
拥抱,yong4bao4,"(v,n)cái ôm,ôm"
氵,,bộ 3 chấm thủy
泡,pao4,"pha ,ngâm"
泡茶,pao4cha2,Pha trà
泡面,pao4mian4,"(n,v) mì gói ,mì ăn liền, úp mì ,nấu mì"
蔬菜,shu1cai4,rau
艹,,bộ thảo
泡菜,pao4cai4,"kim chi, dưa muối"
泡妞,pao4niu1,tán gái
吃素,chi1su4,ăn thanh đạm ( thuầnTV)
吃斋,chi1zhai1,ăn chay
吃斋念佛,chi1zhai1nian4fo2,ăn chay niệm phật
吃斋念经,chi1zhai1nian4jing1,ăn chay niệm kinh
肉,rou4,(nhục) thịt
扣肉,kou4rou4,khâu nhục
猪肉,zhu1rou4,thịt heo
犭,,bộ khuyển
狗,gou3,chó
猫,mao1,mèo
牛肉,niu2rou4,thịt bò
鸡肉,ji1rou4,thịt gà
羊,yang2,dương  ( dê)
鸟,,bộ điểu /niao3/ : con chim
蛋,dan4,trứng
鸡蛋,ji1dan4,trứng gà
鸭,ya1,vịt
鸭蛋,ya1dan4,thịt vịt
鸭肉,ya1rou4,trứng vịt
鹅,e2,ngỗng
鹅蛋,e2dan4,trứng ngỗng
天鹅,tian1e2,Thiên nga
天鹅肉,tian1e2rou4,thịt thiên nga
蛤蟆,ha2ma2,con cóc
虫,,bộ trùng
想,xiang3,"muốn,nhớ nghĩ"
疒,,"bộ nạch,bộ bệnh"
瘌,la4,ghẻ
千里,qian1li3,ngàn dặm
鹅毛,e2mao2,lông ngỗng
万里,wan4li3,vặn dặm
万里长城,wan4li3chang2cheng2,vạn lí trường thành
送,song4,"(tống) tặng,tiễn ,đưa"
千里送鹅毛,,qian1li3song4e2mao2:
毛蛋,mao2dan4,trứng lộn
咸,xian2,mặn
咸蛋,xian2dan4,trứng muối
咸鸭蛋,xian2ya4dan4,trứng vịt muối
鹌鹑蛋,an1chun2dan4,trứng cút
鸵鸟,tuo2niao3,đà điểu
鸵鸟蛋,tuo2niao3dan4,trứng đà  điểu
溏心蛋,tang2xin1dan4,trứng lòng đào
皮肤,pi2fu,"da ,da dẻ"
皮蛋,pi2dan4,trứng bắc thảo
河,he2,sông (Hà)
荷,he2,Hà ( bông sen)
莲荷花,lian2he2hua1,bông Liên Hà ( bông sen)
荷包蛋,he2bao1dan4,trứng ốp la
煎,jian1,chiên
腿,tui3,chân
鸡腿,ji1tui3,đùi gà
鸡腿饭,ji1tui3fan4,cơm đùi gà
鸡腿面,ji1tui3mian4,mì đùi gà
翅膀,chi1bang3,cánh
羽,yu3,cánh ( chim)
打羽毛球,da3yu3mao2qiu2,đánh cầu lông
鸡翅膀,ji1chi1bang3,cánh gà
鸭翅膀,ya1chi1bang3,cánh vịt
爪,zhua3,bộ trảo
鸡爪,ji1zhua3,chân gà
肠,chang2,( tràng) ruột
腊肠,la4chang2,lạp xưởng
香肠,xiang1chang2,lạp xưởng
香,xiang1,( hương ) thơm
香水,xiang1shui3,nước hoa
打香水,da3xiang1shui3,xứt nước hoa
喷香水,pen4xiang1shui3,xịt nước hoa
火腿肠,huo3tui3chang2,xúc xích
放松,fang4song4,"thả lỏng, relax"
肉松,rou4song4,chà bông
打火机,da3huo3ji1,bật lửa
锅,guo1,nồi
火锅,huo3guo1,lẩu
锅巴,guo1ba,cơm cháy
烧烤,shao1kao3,BBQ
烧,shao1,(v) đốt
发烧,fa1shao1,"sốt ,bị sốt"
烧卖,shao1mai4,xíu mại
烤,kao3,nướng
北京烤鸭,Bei3jing1kao3ya1,Vịt quay Bắc Kinh
肯德基,ken3de2ji1,KFC
麦当劳,mai4dang1lao2,Mc donal
热,re4,( nhiệt ) nóng
热狗,re4gou3,hot dog
热情,re4qing2,Nhiệt tình
爱情,ai4qing2,tình yêu
汉堡包,han4bao3bao,hamburger
三明治,san1ming2zhi4,sandwich
寿司,shou4si1,sushi
新鲜,xin1xian1,"tươi,tươi mới"
新,xin1,(tân) mới
鲜,xian1,tươi
海,hai3,( hải ) biển
海鲜,hai3xian1,hải  sản
鱼,yu2,( ngư ) cá
美,mei3,mỹ ( đẹp)
美人鱼,mei3ren2yu2,mỹ nhân ngư
鳗鱼,man2yu2,lươn (cá chình)
巴沙鱼,ba1sha1yu2,cá ba sa
草,cao3,( thảo) cỏ
草鱼,cao3yu2,cá trắm cỏ
鲶鱼,nian2yu2,cá trê
鲤鱼,li3yu2,cá chép
石斑鱼,shi2ban1yu2,cá bống mú
三文鱼,san1wen2yu2,cá hồi
骨,gu3,cốt ( xương)
骨头,gu3tou2,"cục xương, xương  ống  ( thịt)"
鱼刺,yu2ci4,xương cá
刺耳,ci4er3,chói tai
刺客,ci4ke4,thích khách
刺激,ci4ji1,"kích thích , hưng phấn"
虾,xia4,tôm
虫子,chong2zi,con sâu
毛毛虫,mao2mao2chong2,sâu lông
龙,,long2( long ) rồng
龙虾,long2xia4,tôm hùm
螃蟹,pang2xie1,cua
青蛙,qing1wa1,ếch
青,qing1,thanh
螺,luo2,ốc
生蚝,sheng1hao2,con hào
蛤蜊,ge2li2,con nghêu
隔离,ge2li2,cách li
饮料,yin3liao4,"đồ uống,thức uống"
饮,yin3,ẩm
饮食,yin3shi2,ẩm thực饣
饮酒,yin3jiu3,uống rượu ( thưởng thức )
汽,qi4,"hơi ,gas"
汽水,qi4shui3,nước có gas
可口可乐,ke3kou3ke3le4,coca cola
百事,bai3shi4,pepsi
七喜,qi1xi3,7up
雪碧,xue3bi4,sprite
美年达,mei3nian2da2,mirinda
斯汀,si1ting1,sting
红牛,hong2niu2,bò cụng
茶,cha2,trà
绿茶,lv4cha2,trà xanh
红茶,hong2cha2,hồng trà
抹茶,mo3cha2,matcha
胃,wei4,(vị) bao tử
养,yang3,dưỡng ( nuôi )
养胃,yang3wei4,nuôi bao tử
胃痛,wei4tong4,đau bao tử
胃疼,wei4teng2,đau bao tử
包养,bao1yang3,bao nuôi
保养,bao3yang3,bảo dưỡng
黑茶,hei1cha2,trà đen
花茶,hua1cha2,trà hoa
黄茶,huang2cha2,hoàng trà
白茶,bai2cha2,bạch trà
乌龙茶,wu1long2cha2,trà ô long
普洱茶,pu3er2cha2,trà phổ nhĩ
铁观音茶,tie3guan1yin1cha2,trà thiết quan âm
观音佛,guan1yin1fo2,phật quan âm
菊花茶,ju2hua1cha2,trà bông  cúc
茉莉茶,mo4li4cha2,trà hoa nhài
桃子,tao2zi,trái đào
桃茶,tao2cha2,trà đào
荔枝,li4zhi1,lệ chi
荔枝茶,li4zhi1cha2,trà vải
牛奶,niu2nai3,sữa bò
奶酪,nai3lao4,phô mai
芝士,zhi1shi4,phô mai
奶茶,nai3cha2,trà  sữa
奶油,nai3you2,"cream ,machiato"
炼乳,lian4ru3,sữa đặc
油,you2,dầu
油条,you2tiao2,bánh quẩy
加,jia1,"thêm ,+"
加油,jia1you2,thêm dầu /cố lên/đổ xăng
没,mei2,hết
车没油,che1mei2you2,xe hết xăng rồi
站,zhan4,đứng /  trạm
加油站,jia1you2zhan4,cây  xăng
站起来,zhan4qi3lai2,đứng lên
坐下来,zuo4xia4lai2,ngồi xuống
火车站,huo3che1zhan4,trạm xe lửa
加热,jia1re4,hâm  đồ ăn
热茶,re4cha2,trà nóng
水,shui3,nước
冰,bing1,( băng )
冰块,bing1kuai4,cục nước đá
加冰块,jia1bing1kuai4,thêm nước đá
冰沙,bing1sha1,sinh  tố
沙漠,sha1mo4,sa mạc
牛油果,niu2you2guo3,trái bơ
人心果,ren2xin1guo3,trái saboche
水果,shui3guo3,trái cây
果汁,guo3zhi1,nước ép trái cây
橙子,cheng2zi,trái  cam
橙汁,cheng2zhi1,nước ép cam
甘蔗,gan1zhe,mía
甘蔗汁,gan1zhezhi1,nước mía
苦瓜,ku3gua1,khổ qua
苦瓜汁,ku3gua1zhi1,nước ép  khổ qua
西瓜,xi1gua1,dưa hấu
南瓜,nan2gua1,bí đỏ
木瓜,mu4gua1,đu đủ
香瓜,xiang1gua1,dưa gang
哈密瓜,ha1mi4gua1,dưa lưới
冻,dong4,đông
冰冻,bing1dong4,đông lạnh
果冻,guo3dong1,"rau câu ,thạch"
巧克力,qiao3ke4li4,socola
可可,ke3ke3,ca cao
冰淇淋,bing1qi2lin2,kem
香草味,xiang1cao3wei4,vị vani
未,wei4,vị ( lai ) 未来
矿泉水,kuang4quan2shui3,"nước khoáng,nước suối"
矿,kuang4,Khoáng(sản)
石,,bộ thạch (đá )
泉,quan2,(tuyền) suối
温泉,wen1quan2,"ôn tuyền,suối nước nóng"
温水,wen1shui3,nước ấm
卖,mai4,bán
最近,zui4jin4,gần đây
做生意,zuo4sheng1yi4,"làm ăn , làm kinh doanh"
生意,sheng1yi4,"(n) chuyện kinh doanh ,việc làm ăn"
生,Sheng1,sinh
发生,,"fa1sheng1（v）: phát sinh,xảy ra"
生气,sheng1qi,tức giận
学生,xue2sheng1,học sinh
生菜,sheng1cai4,xà lách
做饭,zuo4fan4,nấu cơm
做菜,zuo4cai4,nấu đồ ăn
菜,cai4,món ăn
日本菜,ri4ben3cai4,món ăn Nhật
做爱,Zuo4ai4,làm 18+
词典,ci2dian3,từ điển
生词,sheng1ci2,từ mới
荧光笔,ying2guang1bi3,bút dạ quang
荧,ying2,huỳnh
光,guang1,quang
发光,fa1guang1,phát quang
白月光,bai2yue4guang1,Bạch Nguyệt  Quang
萤火虫,ying2huo3chong2,con đom đóm
改正笔,gai1zheng4bi3,bút xóa
改,gai3,"cải ,sửa"
改革,gai3ge2,cải cách
改变,gai3bian4,cải biến ( thay đổi)
你变了,ni3bian4le,bạn thay đổi rồi
正,zheng4,chính
橡胶,xiang4jiao1,cao su
橡皮,xiang4pi2,cục tẩy
橡皮擦,xiang4pi2ca1,cục tẩy
擦,ca1,"lau ,chùi 扌: bộ thủ"
香蕉,xiang1jiao1,trái chuối
圆规,yuan2gui1,compa
尺子,chi3zi,cây thước
田,tian2,( điền ) ruộng
电,dian4,điện
没电,mei2dian4,"hết pin,hết điện"
脑子,nao3zi,cái não
电脑,dian4nao3,máy tính
脑子进水,nao3zi jin4shui3,nhũng não
记,ji4,"kí ,note =>记者: ji4zhe3: nhà báo ( kí  giả )"
日记,ri4ji4,nhật kí
笔记本,bi3ji4ben3,note book ( vở có coong)
本子,ben3zi,cuốn vở
笔记本电脑,bi3ji4ben3dian4nao3,laptop
平,ping2,( bình )
平安,ping2an1,Bình an
日日平安,,ri4ri4ping2an1:
天天平安,,tian1tian1ping2an1:
苹果,ping2guo3,trái táo
梨,li2,trái  lê
分,fen1,chia
分离,fen1li2,phân li
平板电脑,ping2ban3dian4nao3,máy tính bảng
屏幕,ping2mu4,màn hình
分享,fen1xiang3,share  （ chia sẻ)
老鼠,lao3shu3,chuột
老鼠爱大米,lao3shu3ai4da4mi3,chuột yêu gạo
键盘,jian4pan2,bàn phím
记得,ji4de2,nhớ ( làm 1 cái gì đó) remember
中文,zhong1wen2,tiếng Trung
汉语,han4yu3,Tiếng Trung
转笔刀,zhuan4bi3dao1,đồ gọt
刀,dao1,dao
水果刀,shui3guo3dao1,dao gọt trái cây
作业,zuo4ye4,BTVN
写作业,xie3zuo4ye4,làm BTVN
做作业,zuo4zuo4ye4,làm BTVN
作业本,zuo4ye4ben3,Vở BTVN
笔袋,,bi3dai4:
袋子,dai4zi,túi
袋鼠,dai4shu3,chuột túi
宝贝,bao3bei4,bảo bối
真,zhen1,thật
天真,tian1zhen1,"chân thật , ngây thơ"
真的吗,,zhen1dema? Thiệt ko ?
少,shao3,"ít, thiếu"
课本,ke4ben3,sách giáo  khoa
上,shang4,"Thượng ,trên"
上课,shang4ke4,"lên lớp , đi học"
课,ke4,tiết học
书,shu1,sách
下,xia4,"hạ ,dưới ,rơi,rớt"
下课,xia4ke4,tan học
安静,an1jing4,"yên tĩnh ( người, phong cảnh)"
她是安静的人,ta1shi4 an1jing4 de ren2,"cô ấy là người hướng nội ,ít nói"
静悄悄,jing4qiao1qiao1,im phăng phắc
乱,luan4,"loạn,lộn xộn  , lung tung"
乱说,luan4shuo1,nói lung tung
说话,shuo1hua4,nói chuyện
话,hua4,( thoại ) lời nói
花,hua1,bông hoa
甜话,tian2hua4,lời nói ngọt ngào
你真会说甜话,ni3zhen1hui4shuo1tian2hua4,bạn thật biết nói lời ngọt ngào
跑,pao3,chạy
跑步,pao3bu4,chạy bộ
床,chuang2,giường
起床,qi3chuang2,thức dậy
天天,tian1tian1,ngày ngày
早,zao3,sớm
早上,zao3shang4,buổi sáng
早上好,Zao3shang4hao3,chào buổi sáng
陪,pei2,"đi cùng,cùng"
学校,xue2xiao4,trường học
北京,bei3jing1,Bắc Kinh
里边,li3bian,bên trong
教学楼,jiao4xue2lou2,toà nhà dạy học
办公楼,ban4gong1lou2,toà nhà văn phòng
楼,lou2,lầu
北边,bei3bian,phía bắc
西边,xi1bian,phía tây
南边,nan2bian,phía nam
附近,fu4jin4,"vùng lân cận, gần đây ( địa lí )"
饭馆,fan4guan3,"nhà hàng, quán cơm"
东边,dong1bian,phía đông
还,hai2,"vẫn,còn"
电影院,dian4ying3yuan4,rạp chiếu phim
电影,dian4ying3,phim
看,kan4,"xem , nhìn"
对面,dui4mian4,đối diện
药店,yao4dian4,hiệu thuốc
旁边,pang2bian1,bên cạnh (thực tế)
超市,chao1shi4,siêu thị
们,men,hậu tố được dùng để thành lập hình thức số nhiều
照片,zhao4pian4,tấm ảnh ( bức hình chụp )
左边,zuo3bian,bên trái
后边,hou4bian,phía sau
桌子,zhuo1zi,cái bàn
上边,shang4bian,bên trên
台灯,tai2deng1,đèn bàn
台,tai2,bệ
张,zhang1,"cái , chiếc, tờ/ họ Trương"
下边,xia4bian,bên dưới
抽屉,chou1ti,ngăn kéo
块,kuai4,"miếng, thỏi cục"
前边,qian2bian,phía trước
鞋,xie2,giày
拖鞋,tuo1xie2,dép lê
眼镜,yan3jing4,mắt kính
闹钟,nao4zhong1,đồng hồ báo thức
热闹,re4 nao4,náo nhiệt
王爷,wang2ye,vương gia
担心,dan4xin1,lo lắng
聊天儿,liao2tian1r,"tám chuyện , nói chuyện phiếm ( 聊）"
杂志,za2zhi4,tạp chí
觉得,jue2de2,"cảm giác . Cảm thấy ,cho rằng"
吧,ba,chắc… phải không (trợ từ được dùng để thành lập câu hỏi yêu cầu xác định điều được giả định)
咱们,zan2men,"chúng ta, chúng mình"
啊,a,"đấy, nhỉ, đó (trợ từ dùng ở cuối câu để thể hiện sự khẳng định hoặc tán thành"
出发,chu1fa1,"xuất phát, bắt đầu lên đường"
行,xing2,"được, giỏi"
见面,jian4mian4,gặp mặt
差,cha4,"kém, thiếu"
门口,men2kou3,"cửa, cổng"
等,deng3,đợi chờ
起,qi3,dậy
午饭,wu3fan4,bữa trưa
晚饭,wan3fan4,bữa tối
年,nian2,năm
星期四,xing1qi1si4,thứ 5
星期五,xing1qi1wu3,thứ 6
星期六,xing1qi1liu4,thứ 7
星期日,xing1qi1ri4,chủ nhật
星期天,xing1qi1tian1,chủ nhật
这个月,zhe4geyue4,tháng này
打算,da3suan4,"(v) (n ) : tính , định , dự định / dự định , kế hoạch"
比如,bi3ru2,ví dụ
无关,wu2guan1,không liên quan
